{
    "mse": {
        "test": 0.28846460580825806
    },
    "r2": {
        "test": 0.7534416410092659
    }
}
