{
    "mse": {
        "test": 0.2831590473651886
    },
    "r2": {
        "test": 0.7579763916562714
    }
}
